dummy	class	minitax_all_NCBI_genomes_BestAln_toti_minion_WGS_20230802_invitrogen_I1_bc01_pass	minitax_all_NCBI_genomes_BestAln_toti_minion_WGS_20230802_invitrogen_I2_bc02_pass	minitax_all_NCBI_genomes_BestAln_toti_minion_WGS_20230802_invitrogen_I3_bc03_pass	minitax_all_NCBI_genomes_BestAln_toti_minion_WGS_20230802_invitrogen_I4_bc04_pass	minitax_all_NCBI_genomes_BestAln_toti_minion_WGS_20230802_zymo_Z3_bc05_pass	minitax_all_NCBI_genomes_BestAln_toti_minion_WGS_20230802_zymo_Z4_bc06_pass	Toti_Illumina_V1_V2_minitax_BestAln_all_NCBI_genomes_I_1	Toti_Illumina_V1_V2_minitax_BestAln_all_NCBI_genomes_I_2	Toti_Illumina_V1_V2_minitax_BestAln_all_NCBI_genomes_I_3	Toti_Illumina_V1_V2_minitax_BestAln_all_NCBI_genomes_I_4	Toti_Illumina_V1_V2_minitax_BestAln_all_NCBI_genomes_MN_1	Toti_Illumina_V1_V2_minitax_BestAln_all_NCBI_genomes_MN_2	Toti_Illumina_V1_V2_minitax_BestAln_all_NCBI_genomes_MN_3	Toti_Illumina_V1_V2_minitax_BestAln_all_NCBI_genomes_MN_4	Toti_Illumina_V1_V2_minitax_BestAln_all_NCBI_genomes_Z_1	Toti_Illumina_V1_V2_minitax_BestAln_all_NCBI_genomes_Z_2	Toti_Illumina_V1_V2_minitax_BestAln_all_NCBI_genomes_Z_3	Toti_Illumina_V1_V2_minitax_BestAln_all_NCBI_genomes_Z_4	Toti_Illumina_V1_V3_minitax_BestAln_all_NCBI_genomes_I_1	Toti_Illumina_V1_V3_minitax_BestAln_all_NCBI_genomes_I_2	Toti_Illumina_V1_V3_minitax_BestAln_all_NCBI_genomes_I_3	Toti_Illumina_V1_V3_minitax_BestAln_all_NCBI_genomes_I_4	Toti_Illumina_V1_V3_minitax_BestAln_all_NCBI_genomes_MN_1	Toti_Illumina_V1_V3_minitax_BestAln_all_NCBI_genomes_MN_2	Toti_Illumina_V1_V3_minitax_BestAln_all_NCBI_genomes_MN_3	Toti_Illumina_V1_V3_minitax_BestAln_all_NCBI_genomes_MN_4	Toti_Illumina_V1_V3_minitax_BestAln_all_NCBI_genomes_Q_1	Toti_Illumina_V1_V3_minitax_BestAln_all_NCBI_genomes_Q_2	Toti_Illumina_V1_V3_minitax_BestAln_all_NCBI_genomes_Q_3	Toti_Illumina_V1_V3_minitax_BestAln_all_NCBI_genomes_Z_1	Toti_Illumina_V1_V3_minitax_BestAln_all_NCBI_genomes_Z_2	Toti_Illumina_V1_V3_minitax_BestAln_all_NCBI_genomes_Z_3	Toti_Illumina_V1_V3_minitax_BestAln_all_NCBI_genomes_Z_4	Toti_Illumina_V3_V4_minitax_BestAln_all_NCBI_genomes_I_1	Toti_Illumina_V3_V4_minitax_BestAln_all_NCBI_genomes_I_2	Toti_Illumina_V3_V4_minitax_BestAln_all_NCBI_genomes_I_3	Toti_Illumina_V3_V4_minitax_BestAln_all_NCBI_genomes_I_4	Toti_Illumina_V3_V4_minitax_BestAln_all_NCBI_genomes_MN_1	Toti_Illumina_V3_V4_minitax_BestAln_all_NCBI_genomes_MN_2	Toti_Illumina_V3_V4_minitax_BestAln_all_NCBI_genomes_MN_3	Toti_Illumina_V3_V4_minitax_BestAln_all_NCBI_genomes_MN_4	Toti_Illumina_V3_V4_minitax_BestAln_all_NCBI_genomes_Z_1	Toti_Illumina_V3_V4_minitax_BestAln_all_NCBI_genomes_Z_2	Toti_Illumina_V3_V4_minitax_BestAln_all_NCBI_genomes_Z_3	Toti_Illumina_V3_V4_minitax_BestAln_all_NCBI_genomes_Z_4	Toti_Illumina_WGS_minitax_BestAln_all_NCBI_genomes_I_1	Toti_Illumina_WGS_minitax_BestAln_all_NCBI_genomes_I_2	Toti_Illumina_WGS_minitax_BestAln_all_NCBI_genomes_I_3	Toti_Illumina_WGS_minitax_BestAln_all_NCBI_genomes_I_4	Toti_Illumina_WGS_minitax_BestAln_all_NCBI_genomes_MN_1	Toti_Illumina_WGS_minitax_BestAln_all_NCBI_genomes_MN_2	Toti_Illumina_WGS_minitax_BestAln_all_NCBI_genomes_MN_3	Toti_Illumina_WGS_minitax_BestAln_all_NCBI_genomes_MN_4	Toti_Illumina_WGS_minitax_BestAln_all_NCBI_genomes_Q_1	Toti_Illumina_WGS_minitax_BestAln_all_NCBI_genomes_Q_2	Toti_Illumina_WGS_minitax_BestAln_all_NCBI_genomes_Q_3	Toti_Illumina_WGS_minitax_BestAln_all_NCBI_genomes_Q_4	Toti_Illumina_WGS_minitax_BestAln_all_NCBI_genomes_Z_1	Toti_Illumina_WGS_minitax_BestAln_all_NCBI_genomes_Z_2	Toti_Illumina_WGS_minitax_BestAln_all_NCBI_genomes_Z_3	Toti_Illumina_WGS_minitax_BestAln_all_NCBI_genomes_Z_4	Toti_ONT_V1_V9_minitax_BestAln_all_NCBI_genomes_I_1	Toti_ONT_V1_V9_minitax_BestAln_all_NCBI_genomes_I_2	Toti_ONT_V1_V9_minitax_BestAln_all_NCBI_genomes_I_3	Toti_ONT_V1_V9_minitax_BestAln_all_NCBI_genomes_I_4	Toti_ONT_V1_V9_minitax_BestAln_all_NCBI_genomes_MN_1	Toti_ONT_V1_V9_minitax_BestAln_all_NCBI_genomes_MN_2	Toti_ONT_V1_V9_minitax_BestAln_all_NCBI_genomes_MN_3	Toti_ONT_V1_V9_minitax_BestAln_all_NCBI_genomes_MN_4	Toti_ONT_V1_V9_minitax_BestAln_all_NCBI_genomes_Z_1	Toti_ONT_V1_V9_minitax_BestAln_all_NCBI_genomes_Z_2	Toti_ONT_V1_V9_minitax_BestAln_all_NCBI_genomes_Z_3	Toti_ONT_V1_V9_minitax_BestAln_all_NCBI_genomes_Z_4	Toti_PacBio_V1_V9_minitax_BestAln_all_NCBI_genomes_I_1	Toti_PacBio_V1_V9_minitax_BestAln_all_NCBI_genomes_I_2	Toti_PacBio_V1_V9_minitax_BestAln_all_NCBI_genomes_I_3	Toti_PacBio_V1_V9_minitax_BestAln_all_NCBI_genomes_I_4	Toti_PacBio_V1_V9_minitax_BestAln_all_NCBI_genomes_MN_1	Toti_PacBio_V1_V9_minitax_BestAln_all_NCBI_genomes_MN_2	Toti_PacBio_V1_V9_minitax_BestAln_all_NCBI_genomes_MN_3	Toti_PacBio_V1_V9_minitax_BestAln_all_NCBI_genomes_MN_4	Toti_PacBio_V1_V9_minitax_BestAln_all_NCBI_genomes_Z_1	Toti_PacBio_V1_V9_minitax_BestAln_all_NCBI_genomes_Z_2	Toti_PacBio_V1_V9_minitax_BestAln_all_NCBI_genomes_Z_3	Toti_PacBio_V1_V9_minitax_BestAln_all_NCBI_genomes_Z_4
TRUE		1930	1131	798	1748	2100	6170	328	305	322	358	529	455	664	349	1221	978	1510	1581	3470	302	3415	31	6054	4252	8	10150	1445	1618	739	1970	1080	6459	272	865	705	469	641	885	1143	868	614	1755	1601	1585	1840	156097	277638	188351	142809	250770	154792	132807	135624	3439	2675	3321	3435	159912	114102	99611	137252	7473	3111	14014	9957	79	19445	9343	6935	8154	3907	131512	4092	276	372	195	532	119	296	377	769	3707	1354	1159	1191
TRUE	Acidimicrobiia	0	0	0	0	0	0	0	0	0	0	0	0	0	0	0	0	0	5	6	1	35	0	26	4	0	14	4	4	17	1	1	22	0	0	0	0	0	0	0	0	0	0	0	0	2	0	2	3	3	3	0	4	5	0	0	0	0	2	3	1	5	0	0	0	0	0	0	2	0	0	0	0	1	0	0	0	0	0	0	1	0	1	0	0	1
TRUE	Acidithiobacillia	1	0	0	0	0	0	1	1	1	1	1	0	2	0	3	0	0	1	0	0	2	0	2	0	0	2	4	7	1	2	0	0	0	0	0	1	0	0	0	0	0	0	0	0	0	4	25	13	12	23	20	8	10	1	6	3	11	18	14	15	5	0	1	0	0	0	0	0	0	0	0	0	0	0	0	0	0	0	0	0	0	0	0	0	0
TRUE	Actinomycetes	140	49	45	101	475	557	463	218	424	336	987	340	781	560	463	577	883	830	2581	181	2201	18	5104	2554	4	5340	2219	2694	1041	366	216	2927	73	939	587	616	537	1986	1233	1295	1386	809	1689	1640	1441	26781	53500	36844	21774	120343	43666	43108	48847	1871	1404	2273	4114	51093	59369	48543	31162	200	46	319	210	4	1961	819	815	28	26	398	34	279	124	370	415	487	572	739	2318	565	638	766	401
TRUE	Actinomycetia	0	0	0	0	0	0	0	0	0	0	0	0	0	0	0	0	0	0	0	0	0	0	1	1	0	2	1	1	0	0	0	4	0	0	0	0	0	0	0	0	0	0	0	0	0	14	26	16	14	42	13	26	12	1	0	0	1	21	21	20	19	0	0	0	0	0	0	0	0	0	0	0	0	0	0	0	0	0	0	0	0	0	0	0	0
TRUE	Alphaproteobacteria	7	1	2	3	14	38	294	142	281	194	438	137	371	193	249	191	354	367	1707	121	10329	44	10428	916	7	44118	729	1550	2104	329	197	7337	246	9	8	3	11	9	8	24	7	16	7	7	62	3543	8628	4786	3384	10281	4877	4351	4094	1727	968	2302	2433	6373	4932	4454	4435	8	1	9	5	0	13	45	9	2	1	17	5	1	2	1	1	4	3	2	2	3	3	1	6
TRUE	Anaerolineae	0	0	0	0	0	0	6	0	3	4	4	1	10	2	5	1	8	3	171	5	599	2	634	87	0	451	62	63	140	59	43	252	2	0	0	0	0	1	2	0	0	1	0	1	0	34	51	40	27	61	24	26	33	12	11	9	5	68	32	35	34	0	0	0	0	0	0	0	0	0	0	1	0	0	0	0	0	0	0	0	0	0	0	0	0
TRUE	Aquificia	0	0	0	0	0	0	0	0	0	0	0	0	0	0	0	0	0	0	14	1	14	0	12	12	0	10	67	57	29	2	1	34	1	0	2	0	0	0	1	0	0	1	1	0	1	15	38	16	8	20	16	5	10	19	18	26	19	11	7	12	2	0	0	0	0	0	0	0	0	0	0	0	0	0	0	0	0	0	0	0	0	0	0	0	0
TRUE	Archaeoglobi	0	0	0	0	0	0	0	0	0	0	0	0	0	0	0	0	0	0	0	0	0	0	0	0	0	0	0	0	0	0	0	0	0	0	0	0	0	0	0	0	0	0	0	0	0	0	1	0	0	0	0	0	1	4	2	1	2	0	0	0	0	0	0	0	0	0	0	0	0	0	0	0	0	0	0	0	0	0	0	0	0	0	0	0	0
TRUE	Ardenticatenia	0	0	0	0	0	0	2	0	2	1	9	1	6	0	3	5	6	3	234	15	358	2	484	139	0	589	91	120	177	9	6	264	1	0	0	0	0	1	0	0	0	1	0	0	0	8	12	4	8	14	7	5	6	4	9	8	9	22	15	13	6	0	0	0	0	0	0	0	0	0	0	0	0	0	0	0	0	0	0	0	0	0	0	0	0
TRUE	Bacilli	30	13	13	22	23	70	482	195	425	386	522	144	359	247	116	64	141	170	1630	75	3094	15	3219	869	1	3001	890	923	856	318	227	1655	6	547	319	331	348	521	445	403	326	195	244	216	325	8069	14104	9422	7265	12418	8495	6597	6502	3531	3029	3931	4422	9560	8058	7055	6304	231	48	491	245	1	684	292	352	23	36	828	50	3	7	11	15	1	11	9	33	5	16	2	15
TRUE	Bacteroidia	1206	1085	636	1178	564	1168	1709	1426	1724	1439	1306	1745	2585	1208	3136	1689	3511	3108	6717	429	6935	17	4738	10284	7	5576	46240	68277	50232	5483	1271	17515	42	3183	3309	2466	2407	1917	5699	3793	2127	6266	4848	5391	5673	117082	345339	149194	103047	91168	248864	105792	65520	644385	606901	803876	566625	600372	208548	258768	116974	1285	502	5178	3929	12	8839	4034	2549	3975	620	42162	733	193	408	218	587	67	457	530	1070	10153	2226	3086	2061
TRUE	Balneolia	0	0	0	0	0	0	0	0	0	1	2	0	0	0	0	0	1	0	1	0	15	1	22	4	0	8	16	18	17	7	7	17	0	0	0	0	0	0	0	0	0	0	0	0	1	10	27	16	7	14	16	14	13	20	14	8	12	23	10	12	12	0	0	0	0	0	0	0	0	0	0	0	0	0	0	0	0	0	0	0	0	0	0	0	0
TRUE	Bdellovibrionia	0	0	0	0	0	0	0	0	0	0	0	0	0	0	0	0	0	1	2	0	1	0	1	0	0	1	0	1	0	2	0	0	0	0	0	0	0	0	0	0	1	0	0	0	0	7	20	5	4	13	4	2	7	5	1	6	6	5	6	5	7	0	0	0	0	0	0	0	0	0	0	0	0	0	0	0	0	0	0	0	0	0	0	0	0
TRUE	Betaproteobacteria	4	3	5	2	7	24	441	488	498	386	376	344	582	195	1168	572	1098	913	519	64	719	3	509	845	2	588	17261	12498	3183	932	302	1378	5	203	240	130	160	171	235	188	105	544	383	404	422	2370	5600	3322	2129	6494	3377	2684	2738	2405	2063	2427	2858	5092	3258	3195	2536	83	63	402	186	2	503	220	90	308	78	4132	83	11	47	11	42	3	15	26	41	911	202	262	161
TRUE	Bigyra	1	0	0	0	0	0	0	0	0	0	0	0	0	0	0	0	0	0	0	0	0	0	0	1	0	0	0	0	0	0	0	0	0	0	0	0	0	0	1	0	0	0	1	0	0	4	7	3	5	2	0	1	3	69	83	146	94	2	4	3	5	0	0	0	0	0	0	0	0	0	0	0	0	0	0	0	0	0	0	0	0	0	0	0	0
TRUE	Blastocatellia	0	0	0	0	0	0	2	0	0	0	0	0	0	0	0	0	0	0	5	0	2	0	3	1	0	1	8	1	1	0	0	0	0	0	0	0	0	0	0	0	0	1	0	0	0	14	37	27	7	82	30	25	175	338	333	17	18	28	13	9	4	0	0	0	0	0	0	0	0	0	0	1	0	0	0	0	0	0	0	0	0	0	0	0	0
TRUE	Caldilineae	0	0	0	0	0	0	4	5	4	3	5	4	13	4	0	0	0	2	3	0	2	0	6	3	0	4	1	0	0	3	1	0	0	0	0	0	0	0	0	0	0	0	0	0	0	3	2	2	3	4	1	4	3	1	0	0	0	2	3	1	1	0	0	0	0	0	0	0	0	0	0	0	0	0	0	0	0	0	0	0	0	0	0	0	0
TRUE	Calditrichia	0	0	0	0	0	0	0	0	0	0	0	0	0	0	0	0	0	0	0	0	0	0	0	0	0	0	0	0	0	0	0	0	0	0	0	0	0	0	0	0	0	0	0	0	0	0	4	2	1	3	3	2	0	0	1	0	0	1	0	0	2	0	0	0	0	0	0	0	0	0	0	0	0	0	0	0	0	0	0	0	0	0	0	0	0
TRUE	Candidatus Altiarchaeia	0	0	0	0	0	0	0	0	0	0	0	0	0	0	0	0	0	0	0	0	0	0	0	0	0	0	0	0	0	0	0	0	0	0	0	0	0	0	0	0	0	0	0	0	0	35	51	35	25	22	17	14	15	27	13	15	20	19	14	19	18	0	0	0	0	0	0	0	0	0	0	0	0	0	0	0	0	0	0	0	0	0	0	0	0
TRUE	Candidatus Aminicenantia	0	0	0	0	0	0	0	0	0	0	0	0	0	0	0	0	0	0	0	0	3	0	1	0	0	2	1	1	0	0	0	1	0	0	0	0	0	0	0	0	0	0	0	0	0	6	7	8	5	16	5	6	7	0	0	1	0	11	6	3	5	0	0	0	0	0	0	0	0	0	0	0	0	0	0	0	0	0	0	0	0	0	0	0	0
TRUE	Candidatus Brocadiia	0	0	0	0	0	0	0	0	0	1	0	0	0	0	0	0	0	0	1	0	0	0	2	0	0	0	0	0	0	1	0	0	0	0	0	0	0	0	0	0	0	0	0	0	0	3	1	2	1	2	0	2	3	1	1	0	2	1	1	0	3	0	0	0	0	0	0	0	0	0	0	0	0	0	0	0	0	0	0	0	0	0	0	0	0
TRUE	Candidatus Cloacimonadia	0	0	0	0	0	0	0	0	0	0	0	0	0	0	0	0	0	0	4	0	0	0	2	1	0	0	17	15	16	0	1	6	0	0	0	0	0	0	0	0	0	0	0	0	0	4	4	2	1	6	1	1	1	2	0	0	3	3	3	0	3	0	0	0	0	0	0	0	0	0	0	0	0	0	0	0	0	0	0	0	0	0	0	0	0
TRUE	Candidatus Hadarchaeia	0	0	0	0	0	0	0	0	0	0	0	0	0	0	0	0	0	0	0	0	0	0	0	0	0	0	0	0	0	0	0	0	0	0	0	0	0	0	0	0	0	0	0	0	0	13	30	16	5	35	5	8	13	1	0	0	1	15	11	10	0	0	0	0	0	0	0	0	0	0	0	0	0	0	0	0	0	0	0	0	0	0	0	0	0
TRUE	Candidatus Methanofastidiosia	0	0	0	0	0	0	0	0	0	0	0	0	0	0	0	0	0	0	0	0	0	0	0	0	0	0	0	0	0	0	0	0	0	0	0	0	0	0	0	0	0	0	0	0	0	1	1	2	2	0	3	0	2	4	3	4	3	2	1	0	1	0	0	0	0	0	0	0	0	0	0	0	0	0	0	0	0	0	0	0	0	0	0	0	0
TRUE	Candidatus Methylomirabilia	0	0	0	0	0	0	0	0	0	0	0	0	0	0	1	0	0	0	6	2	0	0	3	5	0	1	0	0	0	0	0	0	0	0	0	0	0	0	0	0	0	0	0	0	0	2	1	4	0	4	1	1	0	0	0	0	0	4	4	5	3	0	0	0	0	0	0	0	0	0	0	0	0	0	0	0	0	0	0	0	0	0	0	0	0
TRUE	Candidatus Moduliflexia	0	0	0	0	0	0	0	0	0	0	0	0	0	0	0	0	0	0	6	0	4	0	1	1	0	0	0	0	0	0	0	2	0	0	0	0	0	0	0	0	0	0	0	0	0	7	8	5	6	10	7	5	4	0	2	0	2	30	16	11	15	0	0	0	0	0	0	0	0	0	0	0	0	0	0	0	0	0	0	0	0	0	0	0	0
TRUE	Candidatus Odinarchaeia	0	0	0	0	0	0	0	0	0	0	0	0	0	0	0	0	0	0	0	0	0	0	0	0	0	0	0	0	0	0	0	0	0	0	0	0	0	0	0	0	0	0	0	0	0	1	0	3	1	5	1	1	0	0	0	0	0	1	1	0	0	0	0	0	0	0	0	0	0	0	0	0	0	0	0	0	0	0	0	0	0	0	0	0	0
TRUE	Candidatus Ozemobacteria	0	0	0	0	0	0	0	0	0	0	0	0	0	0	0	0	0	0	9	1	0	0	2	2	0	1	0	1	1	0	0	0	0	0	0	0	0	0	1	0	0	0	0	0	0	5	4	5	2	14	4	7	4	0	0	0	0	4	0	1	0	0	0	0	0	0	0	0	0	0	0	0	0	0	0	0	0	0	0	0	0	0	0	0	0
TRUE	Candidatus Poseidoniia	0	0	0	0	0	0	0	0	0	0	0	0	0	0	0	0	0	0	0	0	0	0	0	0	0	0	0	0	0	0	0	0	0	0	0	0	0	0	0	0	0	0	0	0	0	2	2	2	2	1	1	0	0	0	0	0	0	2	2	0	1	0	0	0	0	0	0	0	0	0	0	0	0	0	0	0	0	0	0	0	0	0	0	0	0
TRUE	Candidatus Sumerlaeia	0	0	0	0	0	0	0	0	0	0	0	0	0	0	0	0	0	0	0	0	0	0	0	0	0	0	0	1	0	0	0	0	0	0	0	0	0	0	0	0	0	0	0	0	0	1	5	1	0	2	1	0	3	0	0	1	0	5	1	0	1	0	0	0	0	0	0	0	0	0	0	0	0	0	0	0	0	0	0	0	0	0	0	0	0
TRUE	Candidatus Vecturitrichia	0	0	0	0	0	0	0	0	0	0	0	0	0	0	0	0	0	0	0	0	0	0	0	0	0	0	0	0	0	0	0	0	0	0	0	0	0	0	0	0	0	0	0	0	0	2	5	2	1	3	6	1	2	10	7	12	8	14	10	12	5	0	0	0	0	0	0	0	0	0	0	0	0	0	0	0	0	0	0	0	0	0	0	0	0
TRUE	Chitinispirillia	0	0	0	0	0	0	0	0	0	1	0	0	0	0	0	0	0	0	2	0	0	0	0	1	0	0	0	0	1	0	0	0	0	0	0	0	0	0	0	0	0	0	0	0	0	1	6	5	2	4	4	1	4	0	0	2	0	15	16	10	10	0	0	0	0	0	0	0	0	0	0	0	0	0	0	0	0	0	0	0	0	0	0	0	0
TRUE	Chitinivibrionia	0	0	0	0	0	0	0	0	3	0	0	0	0	0	0	0	0	2	4	0	7	0	9	2	0	5	8	4	4	1	0	1	0	0	0	0	0	0	0	0	0	0	0	0	0	0	1	0	0	0	0	0	1	0	0	0	0	2	2	0	0	0	0	0	0	0	0	0	0	0	0	0	0	0	0	0	0	0	0	0	0	0	0	0	0
TRUE	Chitinophagia	0	0	0	0	0	0	0	0	1	0	0	0	1	0	0	0	0	0	26	3	11	0	30	31	0	31	26	34	25	3	0	13	1	0	0	0	0	0	0	1	1	1	2	0	6	95	162	86	62	180	91	79	81	124	142	119	126	160	114	100	106	0	0	0	0	0	0	2	0	0	0	2	3	0	0	0	0	0	0	0	0	0	0	0	2
TRUE	Chlamydiia	0	0	0	0	0	1	0	0	0	0	0	0	1	0	0	0	0	0	0	0	0	0	2	0	0	0	0	0	0	0	0	0	0	0	0	0	0	0	1	1	0	6	1	2	2	9	21	18	9	14	16	9	9	31	15	27	41	16	13	17	10	0	0	0	0	0	0	0	0	0	0	0	0	0	0	0	0	0	0	0	0	0	0	0	0
TRUE	Chlorobiia	0	0	0	0	0	0	0	1	0	0	0	0	0	0	0	0	0	0	0	0	0	0	0	0	0	1	0	0	0	0	0	0	0	0	0	0	0	0	0	0	0	0	0	0	0	20	29	13	9	31	12	13	14	5	4	5	8	22	16	16	9	0	0	0	0	0	0	0	0	0	0	0	0	0	0	0	0	0	0	0	0	0	0	0	0
TRUE	Chloroflexia	0	0	0	0	0	0	4	0	1	0	1	0	0	1	0	0	0	1	5	0	3	0	4	6	0	3	1	6	2	2	1	2	0	0	0	0	0	0	0	1	0	0	0	0	0	28	49	39	26	53	18	34	27	3	6	6	13	40	23	29	32	0	0	0	0	0	1	0	0	0	0	0	0	0	0	0	0	0	0	0	0	0	0	0	0
TRUE	Chrysiogenia	0	0	0	0	0	0	0	0	0	0	0	0	0	0	0	0	0	0	0	0	1	0	0	3	0	1	4	3	0	0	1	0	0	0	0	0	0	0	0	0	0	0	0	0	0	1	0	1	1	0	2	0	2	0	0	0	0	2	1	0	0	0	0	0	0	0	0	0	0	0	0	0	0	0	0	0	0	0	0	0	0	0	0	0	0
TRUE	Chthonomonadia	0	0	0	0	0	0	0	0	0	0	0	0	0	0	0	0	0	0	5	1	2	0	2	0	0	1	7	4	0	0	0	2	0	0	0	0	0	0	0	0	0	0	0	0	0	0	0	0	0	0	1	0	0	1	0	0	0	2	0	1	0	0	0	0	0	0	0	0	0	0	0	0	0	0	0	0	0	0	0	0	0	0	0	0	0
TRUE	Clostridia	6891	3714	2563	5737	9484	20090	19893	10993	16835	16707	22194	14180	25091	15650	10976	11233	15768	21914	185531	14704	144571	1294	276933	164678	217	252773	41565	30634	7885	18425	21079	63381	2969	26310	15944	13826	17781	24662	25715	21075	16605	9877	13451	11061	18862	736854	1208300	828024	652686	1193438	719276	587492	576794	48591	24325	46087	74067	734058	775851	693519	580629	453743	109770	737961	514684	4213	707905	395647	341243	27070	29694	680210	36747	19109	14666	11765	31865	5826	11098	16180	41819	13026	11956	7028	10949
TRUE	Conoidasida	0	0	1	1	0	1	0	0	0	0	1	0	1	0	0	0	0	1	15	0	1	0	9	8	0	15	19	22	6	2	0	4	1	0	0	0	0	0	1	0	0	0	0	0	0	41	58	46	54	50	35	34	25	89	79	109	283	24	29	25	42	0	0	1	0	0	0	0	0	0	0	0	0	0	0	0	0	0	0	0	0	0	0	0	0
TRUE	Coprothermobacteria	0	0	0	0	0	0	0	0	0	0	0	0	0	0	0	0	0	0	1	0	1	0	1	0	0	0	0	1	0	0	0	0	0	1	0	0	1	0	1	0	0	0	2	1	0	1	0	3	1	3	2	0	1	2	2	0	0	1	0	1	0	0	0	0	0	0	0	0	0	0	0	0	0	0	0	0	0	0	0	0	0	0	0	0	0
TRUE	Coriobacteriia	17	12	8	18	27	66	1949	1296	2083	1563	3083	1268	2485	2084	1689	1635	2647	2704	17227	1089	8644	29	30771	13114	15	10536	1942	9273	1935	3008	1873	3630	48	46	29	43	25	47	38	43	40	44	56	55	39	7727	16714	11890	7273	21997	7216	7590	9181	194	104	127	309	12378	8447	7480	4532	1200	418	10857	8707	12	1785	1866	4178	617	164	23333	377	1435	1008	1571	2465	886	809	1288	5183	4453	1756	2171	1662
TRUE	Cyanophyceae	1	0	1	1	2	2	4	6	5	6	11	4	9	5	8	3	5	7	264	11	660	1	574	159	1	429	1289	1953	2556	59	30	1407	2	0	0	1	1	2	2	2	1	2	0	0	10	383	728	373	325	664	464	266	360	229	178	223	263	435	342	351	269	4	2	7	7	0	6	6	1	2	0	25	2	0	0	0	0	0	0	0	0	0	0	0	2
TRUE	Cytophagia	1	0	0	0	0	0	1	3	4	1	2	4	5	2	2	3	2	5	154	15	69	0	107	99	0	79	135	96	36	20	12	48	1	1	0	0	0	1	2	1	0	1	1	2	6	321	609	399	255	557	338	297	302	316	249	234	273	467	356	319	289	3	0	9	2	0	0	3	2	0	0	4	3	0	0	0	0	0	0	0	0	0	0	0	0
TRUE	Deferribacteres	0	0	0	0	0	0	2	0	0	0	0	0	0	0	0	0	0	0	8	0	3	0	12	2	0	1	5	4	4	0	0	4	0	0	0	0	0	0	0	0	0	0	0	0	0	16	40	19	24	30	20	14	12	11	11	8	8	18	10	12	24	0	0	0	0	0	0	0	0	0	0	0	0	0	0	0	0	0	0	0	0	0	0	0	0
TRUE	Dehalococcoidia	0	0	0	0	0	0	0	0	0	0	0	0	0	0	0	0	0	0	14	1	22	0	16	9	0	13	15	14	5	4	4	7	0	0	0	0	0	0	0	0	0	0	1	0	0	15	37	27	13	58	21	23	28	5	3	1	7	41	31	23	16	0	0	0	0	0	0	0	0	0	0	0	0	0	0	0	0	0	0	0	0	0	0	0	0
TRUE	Deinococci	1	0	1	0	0	1	0	0	0	0	0	0	0	0	1	0	0	0	2	0	56	0	43	2	0	7	7	8	24	0	1	23	0	0	0	0	0	0	0	0	0	0	0	0	0	164	378	262	177	534	176	171	204	27	14	22	48	266	173	217	116	0	0	0	0	0	0	0	0	0	0	0	1	0	0	0	0	0	0	0	0	0	0	0	0
TRUE	Deltaproteobacteria	0	0	0	0	0	1	1	0	2	0	0	0	2	0	8	1	4	1	13	3	21	0	25	7	0	117	26	24	6	2	3	14	2	0	0	0	0	0	1	1	1	0	0	1	1	83	186	128	87	185	81	84	81	49	50	70	53	175	111	84	80	1	0	1	1	0	2	1	0	0	0	2	0	0	0	0	0	0	0	0	0	0	0	0	0
TRUE	Desulfarculia	0	0	0	0	0	0	0	0	0	0	0	0	0	0	0	0	0	0	1	0	0	0	3	2	0	3	1	0	0	0	0	0	0	0	0	0	0	0	0	0	0	0	0	0	0	30	55	51	31	92	44	29	31	7	1	2	13	69	46	53	24	0	0	0	0	0	0	0	0	0	0	0	0	0	0	0	0	0	0	0	0	0	0	0	0
TRUE	Desulfobaccia	0	0	0	0	0	0	0	0	0	0	0	0	0	0	0	0	0	0	1	0	0	0	1	0	0	0	0	0	0	0	0	0	0	0	0	0	0	0	0	0	0	0	0	0	0	0	0	1	0	1	2	0	1	0	2	0	1	0	0	0	0	0	0	0	0	0	0	0	0	0	0	0	0	0	0	0	0	0	0	0	0	0	0	0	0
TRUE	Desulfobacteria	0	0	0	0	0	0	0	0	0	0	0	0	0	0	0	1	0	0	20	1	18	0	18	11	0	28	9	14	0	5	3	4	0	0	0	0	0	0	0	0	0	0	0	0	0	42	101	41	44	95	50	50	36	40	32	32	46	83	83	82	47	0	0	0	0	0	0	0	0	0	0	0	0	0	0	0	0	0	0	0	0	0	0	0	0
TRUE	Desulfobulbia	0	0	0	0	0	1	0	0	0	0	0	0	0	0	0	0	0	0	1	1	1	0	0	1	0	2	0	0	0	0	0	0	0	0	0	0	0	0	1	0	0	0	0	0	0	71	125	122	49	129	60	62	74	6	11	9	17	113	107	70	47	0	0	0	0	0	0	0	0	0	0	0	0	0	0	0	0	0	0	0	0	0	0	0	0
TRUE	Desulfovibrionia	2	0	1	1	3	0	3	1	5	2	6	2	10	7	2	2	3	1	101	5	35	1	79	46	0	56	14	12	6	9	4	12	0	0	1	0	0	2	3	0	1	0	0	1	1	354	693	486	299	896	319	405	380	69	28	59	89	559	424	370	244	0	0	0	0	0	0	0	1	0	0	0	0	0	0	0	0	0	0	0	0	0	0	0	0
TRUE	Desulfurellia	0	0	0	0	0	0	0	0	1	0	0	0	0	0	0	0	0	0	0	0	0	0	1	0	0	4	0	0	0	0	0	1	0	0	0	0	0	0	0	0	0	0	0	1	0	16	19	8	10	15	15	6	11	5	2	8	4	24	16	20	9	0	0	0	0	0	0	0	0	0	0	0	0	0	0	0	0	0	0	0	0	0	0	0	0
TRUE	Desulfuromonadia	0	0	0	0	1	0	2	0	0	0	0	0	1	0	0	0	0	0	9	0	23	0	10	3	0	18	1	1	1	0	0	7	0	0	0	0	0	1	0	1	0	0	0	0	0	153	313	207	132	380	160	159	165	36	15	29	47	253	206	181	148	0	0	0	0	0	0	0	0	0	1	2	1	0	0	0	0	0	0	0	0	0	0	0	1
TRUE	Dethiobacteria	0	0	0	0	0	0	0	0	0	0	0	0	0	0	0	0	1	0	2	0	0	0	1	0	0	1	1	4	0	0	0	0	0	0	0	0	0	1	0	1	0	0	0	0	0	2	3	2	0	4	1	3	3	1	0	1	1	6	2	2	0	0	0	0	0	0	0	0	0	0	0	0	0	0	0	0	0	0	0	0	0	0	0	0	0
TRUE	Dictyoglomia	0	0	0	0	0	0	0	0	0	0	0	0	0	0	0	0	0	0	5	0	3	0	7	5	0	26	1	3	0	2	0	1	0	0	0	0	0	0	0	0	0	0	0	0	0	14	24	22	20	17	21	10	13	10	6	8	1	8	10	9	6	0	0	0	0	0	0	0	0	0	0	0	0	0	0	0	0	0	0	0	0	0	0	0	0
TRUE	Elusimicrobia	0	0	0	0	0	0	0	0	0	0	0	0	0	0	0	0	0	0	0	0	0	0	1	0	0	1	2	0	0	0	0	0	0	0	0	0	0	0	0	0	0	0	0	0	0	2	8	2	1	4	2	2	0	6	11	9	5	0	1	0	1	0	0	0	0	0	0	0	0	0	0	0	0	0	0	0	0	0	0	0	0	0	0	0	0
TRUE	Endomicrobiia	0	0	0	0	0	0	0	0	0	0	0	0	0	0	0	0	0	0	0	0	1	0	1	0	0	2	11	9	2	1	0	3	0	0	0	0	0	1	0	0	0	0	0	0	0	19	34	15	21	32	15	15	12	17	16	14	14	9	17	11	10	0	0	0	0	0	0	0	0	0	0	0	0	0	0	0	0	0	0	0	0	0	0	0	0
TRUE	Epsilonproteobacteria	91	124	58	76	104	487	17	30	20	20	12	39	13	9	63	29	46	195	79	5	89	1	72	114	0	46	251	244	266	34	18	137	1	69	105	39	46	19	126	33	16	214	90	168	572	3837	15830	4349	3142	2395	7413	1909	998	16183	10729	10099	13702	12981	4502	7364	12514	99	114	220	200	0	994	223	72	560	114	9863	562	1	21	8	15	1	5	4	9	171	27	43	115
TRUE	Erysipelotrichia	1067	546	369	1073	209	461	4967	2843	3579	4314	5064	2281	4414	3297	1498	939	2262	2562	19040	636	12362	50	25386	11264	6	18939	4499	5429	2226	1201	590	4129	41	5623	3060	2523	3420	4903	3783	3363	2742	1659	1425	1948	2692	96805	136323	76549	85207	102228	50622	43652	43264	12592	4999	8129	15632	26260	17092	24459	16832	8438	1847	10190	8767	67	10263	4758	5609	475	221	17783	406	2440	1721	1145	4309	608	741	1278	3483	1462	540	606	802
TRUE	Eurotiomycetes	3	0	0	1	0	2	1	3	2	3	1	6	6	7	6	3	3	2	11	1	42	2	14	8	0	100	40	33	3	32	16	17	1	9	2	6	5	9	5	3	6	7	7	4	18	859	1871	1134	882	1294	1035	690	634	1967	1391	2135	3626	605	580	540	432	10	2	16	14	0	18	12	6	2	0	47	1	0	0	0	0	0	0	0	0	0	0	0	0
TRUE	Fibrobacteria	0	0	0	0	0	0	1	1	3	0	2	0	0	0	1	0	2	3	9	2	1	0	15	17	0	2	2	0	1	0	0	0	0	0	0	0	1	0	1	0	0	0	0	0	1	158	236	196	127	329	162	113	120	41	20	27	37	153	148	125	106	0	0	0	0	0	0	0	0	0	0	0	0	0	0	0	0	0	0	0	0	0	0	0	0
TRUE	Fimbriimonadia	0	0	0	0	0	0	0	0	0	0	1	0	0	0	0	0	0	0	1	0	2	0	0	2	0	1	1	1	0	1	3	2	0	0	0	0	0	0	0	0	0	0	0	0	0	0	0	1	0	2	0	1	1	0	0	0	0	2	1	0	1	0	0	0	0	0	0	0	0	0	0	0	0	0	0	0	0	0	0	0	0	0	0	0	0
TRUE	Flavobacteriia	0	0	0	2	1	1	2	0	3	0	3	1	5	6	6	3	2	4	1042	65	3338	9	3967	762	0	4424	3383	7639	4918	198	102	3443	31	5122	3778	3538	3670	6899	5367	4588	3699	4946	5560	5616	5728	1531	2935	1891	1417	2212	1553	1304	1175	1693	1389	1543	1404	1759	1291	1283	964	9	1	17	12	1	10	7	12	1	0	23	0	0	0	1	0	0	0	0	0	0	0	0	0
TRUE	Fusobacteriia	147	131	75	178	22	45	1224	1247	1487	1233	1156	1179	2190	807	2682	1846	3467	2855	4357	429	5709	14	5018	5573	0	5941	79766	80041	23133	3249	2601	16099	71	3210	3587	2804	2629	2649	4927	3984	2017	5832	6647	6363	6278	11250	37883	19243	12261	11853	17125	11853	6688	53823	47430	50775	29379	18290	16602	21536	6066	1336	904	12998	8010	9	6507	4353	3630	3778	1060	115727	1933	116	326	212	472	41	193	250	480	3195	1352	1908	912
TRUE	Gammaproteobacteria	8	4	5	13	26	91	1082	1326	669	1517	1142	1488	1197	1585	302	354	427	840	434	23	533	2	538	276	0	432	676	641	384	129	98	412	1	27	36	20	24	36	41	30	30	51	87	55	90	3991	9122	5044	3688	8600	5798	3749	3889	2831	2400	2955	4470	7864	6187	5280	4571	73	42	212	123	1	136	74	47	71	46	1115	27	2	0	1	2	0	0	0	6	17	9	7	8
TRUE	Gemmatimonadia	0	1	0	0	0	0	0	1	0	0	0	0	2	0	0	0	0	1	1	0	0	0	1	3	0	1	1	1	0	0	0	0	0	0	0	0	0	0	0	0	0	0	0	0	0	20	42	36	18	50	8	15	19	2	1	1	1	21	34	25	24	0	0	0	0	0	0	0	0	0	0	0	0	0	0	0	0	0	0	0	0	0	0	0	0
TRUE	Halobacteria	0	0	0	0	0	1	0	0	0	0	0	0	0	0	0	0	0	1	0	0	1	0	0	0	0	0	0	0	0	0	0	0	0	0	0	0	0	0	0	0	0	0	0	0	0	121	291	163	112	413	144	114	129	20	14	31	49	184	166	125	95	0	0	0	0	0	0	0	0	0	0	0	0	0	0	0	0	0	0	0	0	0	0	0	0
TRUE	Hydrogenophilia	0	0	0	0	0	1	0	0	0	0	1	0	0	0	0	0	0	0	5	0	7	0	6	10	0	3	64	41	14	0	0	8	0	0	0	0	0	0	0	0	0	0	0	1	1	28	46	33	28	56	23	37	16	19	21	30	22	55	39	36	34	0	0	0	0	0	0	0	0	0	0	0	0	0	0	0	0	0	0	0	0	0	0	0	0
TRUE	Ignavibacteria	0	0	0	0	0	0	0	0	0	0	0	0	0	0	0	1	0	0	58	3	31	0	55	36	0	27	43	47	11	0	0	18	0	1	0	1	1	1	3	0	0	1	0	4	3	20	27	14	9	22	16	18	4	23	27	29	31	26	24	18	17	0	0	0	0	0	0	0	0	0	0	1	0	0	0	0	0	0	0	0	0	0	0	0	0
TRUE	Kinetoplastea	0	0	0	0	0	0	0	1	3	0	1	0	4	2	1	0	1	2	2	0	10	0	7	4	0	51	24	14	3	9	9	5	1	2	0	0	0	6	2	2	1	1	3	2	2	153	297	166	152	271	196	121	110	382	284	547	1218	156	128	105	128	1	1	1	0	0	1	2	2	1	0	1	0	0	0	0	0	0	0	0	0	0	0	0	0
TRUE	Ktedonobacteria	0	0	0	0	0	0	0	0	0	0	0	0	0	0	0	0	0	0	0	0	3	0	2	0	0	1	2	2	2	0	0	3	0	0	0	0	0	0	0	0	0	0	0	0	0	1	4	2	1	3	2	1	1	2	0	3	4	5	4	3	4	0	0	0	0	0	0	0	0	0	0	0	0	0	0	0	0	0	0	0	0	0	0	0	0
TRUE	Lentisphaeria	0	0	0	0	0	0	0	0	0	0	0	0	0	0	0	0	0	0	1	0	2	0	2	0	0	0	0	0	2	0	0	0	0	0	0	0	0	0	0	0	0	0	0	0	0	35	88	54	39	113	48	56	53	2	0	3	6	81	53	57	28	0	0	0	0	0	0	0	0	0	0	0	0	0	0	0	0	0	0	0	0	0	0	0	0
TRUE	Malasseziomycetes	0	0	0	0	0	0	0	0	0	0	0	0	0	0	0	0	0	0	0	0	0	0	0	0	0	0	0	0	0	0	0	0	0	0	0	0	0	0	0	0	0	0	0	0	0	8	6	4	3	8	5	4	4	18	20	24	25	13	8	4	4	0	0	0	0	0	0	0	0	0	0	0	0	0	0	0	0	0	0	0	0	0	0	0	0
TRUE	Methanobacteria	0	1	0	0	0	1	0	0	0	0	0	1	0	1	0	0	0	0	0	0	0	0	0	0	0	1	2	0	0	0	2	1	0	1	0	0	0	0	0	0	0	0	0	0	0	177	251	167	117	166	123	123	100	135	106	92	156	52	51	39	43	0	0	0	0	0	0	0	0	0	0	0	0	0	0	0	0	0	0	0	0	0	0	0	0
TRUE	Methanococci	0	0	0	0	0	0	0	0	0	0	0	0	0	0	0	0	0	0	0	0	0	0	0	0	0	0	0	0	0	0	0	0	0	0	0	0	0	0	0	0	0	0	0	0	0	34	77	56	36	67	41	33	31	38	30	39	35	94	54	58	41	0	0	0	0	0	0	0	0	0	0	0	0	0	0	0	0	0	0	0	0	0	0	0	0
TRUE	Methanomicrobia	0	0	0	0	0	0	0	0	0	0	0	1	0	0	0	0	2	0	0	0	0	0	0	0	0	2	0	1	0	0	0	0	0	0	0	0	0	0	0	0	0	0	0	0	1	804	447	248	402	440	422	274	307	299	489	222	253	365	362	134	271	0	0	0	0	0	0	0	0	0	0	0	0	0	0	0	0	0	0	0	0	0	0	0	0
TRUE	Methanonatronarchaeia	0	0	0	0	0	0	0	0	0	0	0	0	0	0	0	0	0	0	0	0	0	0	0	0	0	0	0	0	0	1	0	0	0	0	0	0	0	0	0	0	0	0	0	0	0	5	3	4	8	5	2	7	4	3	3	2	8	0	3	3	0	0	0	0	0	0	0	0	0	0	0	0	0	0	0	0	0	0	0	0	0	0	0	0	0
TRUE	Methylacidiphilae	0	0	0	0	0	0	0	0	0	0	0	1	0	0	0	0	0	0	0	0	1	0	1	0	0	1	1	0	0	2	0	0	0	0	0	0	0	0	0	0	0	0	0	0	0	0	0	0	0	0	0	0	0	2	0	1	1	0	0	0	0	0	0	0	0	0	0	0	0	0	0	0	0	0	0	0	0	0	0	0	0	0	0	0	0
TRUE	Mollicutes	2	0	0	0	0	0	40	11	33	34	57	21	54	40	15	33	40	44	132	3	180	1	181	70	0	319	70	52	70	14	3	68	0	4	1	0	4	1	1	0	3	0	1	3	0	163	312	218	175	196	158	103	125	226	175	182	204	121	131	108	52	0	0	1	0	0	0	0	0	0	0	1	0	0	0	0	0	0	0	0	0	0	0	0	0
TRUE	Myxococcia	0	0	0	0	1	0	1	0	0	0	0	0	0	0	0	1	1	1	1	0	3	0	2	2	0	1	0	8	1	0	0	3	0	0	0	0	0	0	1	2	0	0	0	0	0	145	331	221	124	408	162	199	189	9	8	11	19	260	144	150	135	0	0	0	0	0	0	2	0	0	0	0	1	0	0	0	0	0	0	0	0	0	0	0	0
TRUE	Negativicutes	128	211	98	141	23	71	48	60	47	24	74	107	124	51	68	117	65	58	403	49	487	4	587	918	0	932	4386	5239	2482	129	225	394	5	87	239	93	82	159	461	311	167	219	500	149	215	4428	20832	7295	4050	8782	14936	7803	6224	57100	49908	88585	37421	6639	11149	4611	2755	305	583	1772	621	7	5528	2300	1404	515	530	10320	169	16	78	25	36	11	71	95	170	234	215	80	54
TRUE	Nitrososphaeria	0	0	0	0	0	0	0	0	0	0	0	0	0	0	0	0	0	0	0	0	0	0	0	0	0	0	0	0	0	0	0	0	0	0	0	0	0	0	0	0	0	0	0	0	0	14	30	23	11	26	11	23	9	18	32	24	21	14	10	6	6	0	0	0	0	0	0	0	0	0	0	0	0	0	0	0	0	0	0	0	0	0	0	0	0
TRUE	Nitrospinia	0	0	0	0	0	0	0	0	0	0	0	0	0	0	0	0	0	0	0	0	1	0	3	1	0	1	3	2	0	0	0	1	0	0	0	0	0	0	0	0	0	1	0	0	0	0	1	2	0	1	0	1	1	0	0	0	0	1	0	0	1	0	0	0	0	0	0	0	0	0	0	0	0	0	0	0	0	0	0	0	0	0	0	0	0
TRUE	Nitrospiria	0	0	0	0	0	0	0	0	0	0	0	0	0	0	0	0	0	0	2	0	1	0	0	0	0	2	0	0	0	0	0	2	0	0	0	0	0	0	0	0	0	0	0	0	0	29	45	47	36	48	53	26	41	10	9	15	15	37	30	27	25	0	0	0	0	0	0	0	0	0	0	0	0	0	0	0	0	0	0	0	0	0	0	0	0
TRUE	Oligoflexia	0	0	0	0	0	0	1	0	0	0	0	0	0	0	0	0	0	0	0	0	0	0	0	0	0	0	0	1	0	0	0	0	0	0	0	0	0	0	0	0	0	0	0	0	0	1	2	2	2	3	2	2	3	2	0	2	4	0	1	2	2	0	0	0	0	0	0	0	0	0	0	0	0	0	0	0	0	0	0	0	0	0	0	0	0
TRUE	Opitutia	0	0	0	0	0	0	0	0	0	0	0	0	1	0	0	0	0	5	0	1	0	0	2	0	0	1	1	1	1	0	0	2	0	0	0	0	0	0	0	0	0	0	0	0	0	84	189	124	70	227	67	103	94	4	11	6	6	144	99	79	77	0	0	0	0	0	0	0	0	0	0	0	0	0	0	0	0	0	0	0	0	0	0	0	0
TRUE	Phycisphaerae	0	0	0	0	0	0	0	0	0	0	0	0	0	0	0	0	0	0	1	0	16	0	7	0	0	1	2	1	7	1	1	12	0	0	0	0	0	0	0	0	0	0	0	0	0	0	0	0	0	0	0	0	0	0	0	0	0	0	1	0	0	0	0	0	0	0	0	1	0	0	0	0	1	0	0	0	0	0	0	0	0	0	0	0	1
TRUE	Planctomycetia	0	0	0	0	0	0	0	0	0	0	0	0	0	0	0	0	0	2	5	0	8	0	5	3	0	1	2	1	0	0	1	3	0	0	0	0	0	0	0	6	0	0	2	0	6	5	19	7	3	24	13	9	6	6	1	1	0	16	11	9	12	0	0	0	0	0	0	4	0	0	0	1	0	0	0	0	0	0	0	0	0	0	0	0	1
TRUE	Pneumocystomycetes	0	0	0	0	0	0	1	1	1	0	0	1	0	0	0	0	0	0	0	0	2	0	0	0	0	0	1	1	0	2	1	0	0	0	0	0	0	0	0	0	0	0	0	0	0	33	69	53	45	35	33	28	19	68	48	90	77	13	27	23	12	0	0	0	0	0	0	1	0	0	0	0	0	0	0	0	0	0	0	0	0	0	0	0	0
TRUE	Rhodothermia	0	0	1	0	0	0	0	0	0	1	0	0	0	0	0	0	0	0	4	0	2	0	2	5	0	1	5	5	3	1	1	3	0	0	0	0	0	0	0	0	0	0	0	0	0	37	101	59	44	131	49	47	55	4	4	2	5	84	51	50	46	0	0	0	0	0	0	0	0	0	0	0	0	0	0	0	0	0	0	0	0	0	0	0	0
TRUE	Rubrobacteria	1	0	0	0	0	1	0	0	0	0	0	0	2	0	0	0	0	0	3	1	6	0	2	2	0	2	3	1	0	0	1	1	0	0	0	0	0	0	0	0	0	0	0	0	0	28	68	45	31	83	25	48	36	0	1	0	1	53	35	34	20	0	0	0	1	0	0	3	0	0	0	0	0	0	0	0	0	0	0	0	0	0	0	0	0
TRUE	Saccharomycetes	0	0	0	0	0	0	0	0	0	0	0	0	0	1	1	0	0	0	3	0	5	0	0	0	0	16	6	0	0	7	4	4	0	1	0	0	0	0	0	0	0	0	1	0	0	97	200	99	96	135	121	67	77	189	144	204	461	107	99	77	75	0	0	2	1	0	2	1	0	0	0	0	0	0	0	0	0	0	0	0	0	0	0	0	0
TRUE	Saprospiria	0	0	0	0	0	0	1	0	0	0	0	0	0	0	1	1	0	0	8	0	14	0	10	12	0	4	13	6	8	1	2	2	0	0	0	0	0	0	1	0	0	0	0	0	0	25	34	36	14	36	19	19	17	45	34	35	32	46	23	27	11	0	0	0	0	0	0	0	0	0	0	1	0	0	0	0	0	0	0	0	0	0	0	0	0
TRUE	Spartobacteria	0	0	0	0	0	0	0	0	0	3	0	0	1	0	0	0	0	5	1	0	2	0	3	0	0	1	7	7	6	0	0	4	0	2	0	0	0	0	0	1	0	0	0	0	4	9	5	5	7	15	9	12	3	0	1	0	0	8	4	2	11	0	0	0	0	0	0	0	0	0	0	0	0	0	0	0	0	0	0	0	0	0	1	0	1
TRUE	Sphingobacteriia	0	0	0	0	0	0	4	0	0	1	2	0	1	2	0	0	1	8	51	2	18	0	37	23	0	34	38	61	34	5	1	26	1	4	3	0	0	1	4	1	1	3	1	0	3	205	373	249	171	259	218	183	149	284	223	220	217	255	224	178	153	2	0	3	0	0	2	1	0	0	0	4	0	0	0	0	0	0	0	0	0	0	0	0	0
TRUE	Spirochaetia	0	0	0	1	0	0	13	6	5	9	15	2	9	9	4	3	3	26	269	26	40	0	92	116	0	50	60	30	8	16	10	7	0	0	0	1	0	1	2	0	0	0	0	0	0	477	926	643	439	870	501	440	391	432	342	408	330	684	583	530	386	0	0	0	2	0	1	0	0	0	0	1	0	0	0	0	0	0	0	0	0	0	0	0	0
TRUE	Synergistia	1	0	0	0	0	0	0	0	0	0	1	0	1	0	0	0	2	1	26	1	16	0	39	20	0	15	42	47	19	6	2	51	0	2	3	1	1	2	0	1	1	0	1	2	1	74	134	96	59	182	88	48	63	15	9	16	19	123	96	86	53	0	0	1	0	0	0	0	0	0	0	2	0	0	0	0	0	0	0	0	0	0	0	0	0
TRUE	Syntrophia	0	0	0	0	0	0	0	0	0	0	0	0	0	0	0	0	0	0	0	0	0	0	0	0	0	0	0	0	0	0	0	0	0	0	0	0	0	0	0	0	0	0	0	1	0	1	4	2	1	5	3	4	4	1	0	1	8	6	4	7	6	0	0	0	0	0	0	0	0	0	0	0	0	0	0	0	0	0	0	0	0	0	0	0	0
TRUE	Syntrophobacteria	0	0	0	0	0	0	0	0	0	0	0	0	0	0	0	0	0	0	0	0	0	0	2	1	0	0	4	1	0	0	0	0	0	0	0	0	1	0	0	0	0	0	0	0	0	1	2	0	2	4	2	2	1	0	0	2	1	7	2	2	2	0	0	0	0	0	0	0	0	0	0	0	1	0	0	0	0	0	0	0	0	0	0	0	0
TRUE	Tepidiformia	0	0	0	0	0	0	0	0	0	0	0	0	0	0	0	0	0	0	3	0	9	0	11	4	0	17	6	10	2	0	1	3	0	0	0	0	0	0	0	0	0	0	0	0	0	38	68	63	41	120	30	28	39	4	2	0	0	71	34	44	20	0	0	0	0	0	0	0	0	0	0	0	0	0	0	0	0	0	0	0	0	0	0	0	0
TRUE	Terriglobia	0	0	0	0	0	1	0	0	0	1	0	0	0	0	0	0	0	0	7	2	1	0	9	5	0	2	2	10	3	0	1	2	0	0	0	0	0	0	0	0	0	0	0	1	0	57	106	64	57	112	30	60	55	5	10	5	9	73	67	61	64	0	0	0	0	0	0	0	0	0	0	0	0	0	0	0	0	0	0	0	0	0	0	0	0
TRUE	Terrimicrobiia	0	0	0	0	0	0	0	0	0	0	0	0	0	0	0	0	0	0	0	0	0	0	0	0	0	0	7	8	4	0	0	2	0	0	0	0	0	0	0	0	0	0	0	0	0	3	2	4	1	14	1	4	5	2	4	1	3	7	5	0	2	0	0	0	0	0	0	0	0	0	0	0	0	0	0	0	0	0	0	0	0	0	0	0	0
TRUE	Theionarchaea	0	0	0	0	0	0	0	0	0	0	0	0	0	0	0	0	0	0	0	0	0	0	0	0	0	0	0	0	0	0	0	0	0	0	0	0	0	0	0	0	0	0	0	0	0	7	14	8	6	6	4	0	4	5	10	1	4	4	8	1	2	0	0	0	0	0	0	0	0	0	0	0	0	0	0	0	0	0	0	0	0	0	0	0	0
TRUE	Thermoanaerobaculia	0	0	0	0	0	0	0	0	1	0	0	1	1	0	1	0	0	0	1	2	2	0	3	0	0	4	0	2	0	0	1	0	0	0	0	0	0	0	0	0	0	0	0	0	0	8	18	11	4	31	12	17	10	0	0	0	0	19	14	9	5	0	0	0	0	0	0	0	0	0	0	0	0	0	0	0	0	0	0	0	0	0	0	0	0
TRUE	Thermococci	0	0	0	0	0	0	0	0	0	0	0	0	0	0	0	0	0	0	0	0	0	0	0	0	0	0	0	0	0	0	0	0	0	0	0	0	0	0	0	0	0	0	1	0	0	18	25	22	19	32	15	14	8	14	10	10	9	19	13	20	18	0	0	0	0	0	0	0	0	0	0	0	0	0	0	0	0	0	0	0	0	0	0	0	0
TRUE	Thermodesulfobacteria	0	0	0	0	0	0	0	0	0	0	0	0	1	0	0	0	0	0	12	0	7	0	17	14	0	3	12	21	13	0	0	9	0	0	0	0	1	0	0	1	0	0	0	1	1	24	43	27	14	31	21	13	11	5	7	9	10	28	16	29	14	0	0	0	0	0	1	0	0	0	0	0	0	0	0	0	0	0	0	0	0	0	0	0	0
TRUE	Thermodesulfovibrionia	0	0	0	0	0	0	0	0	0	0	0	0	0	0	0	0	0	0	1	0	1	0	0	0	0	0	1	0	0	0	0	1	0	0	0	0	0	1	0	0	0	0	0	0	0	14	36	14	19	9	12	9	12	37	33	41	22	17	12	16	8	0	0	0	0	0	0	0	0	0	0	0	0	0	0	0	0	0	0	0	0	0	0	0	0
TRUE	Thermoflexia	1	0	0	0	0	0	0	0	0	0	0	0	0	0	0	0	0	0	5	0	6	0	10	5	0	0	1	1	1	1	0	1	0	0	0	0	0	0	0	0	0	0	1	0	0	0	2	0	0	0	0	1	0	1	0	0	0	0	0	2	1	0	0	0	0	0	0	0	0	0	0	0	0	0	0	0	0	0	0	0	0	0	0	0	0
TRUE	Thermoleophilia	0	0	0	0	0	0	0	2	0	0	0	0	6	0	0	1	0	15	20	0	17	0	58	18	0	4	13	11	16	1	0	16	0	0	0	0	0	0	0	0	0	0	0	0	3	21	24	16	14	51	19	63	19	1	4	0	1	40	18	12	130	0	0	1	0	0	0	2	0	0	0	1	0	0	0	0	0	0	0	2	1	0	0	0	1
TRUE	Thermomicrobia	0	0	0	0	0	0	0	0	0	0	0	0	3	0	0	0	0	0	0	0	1	0	1	1	0	0	0	1	0	0	0	2	0	0	0	0	0	0	0	0	0	0	0	0	1	7	20	16	6	30	8	15	3	3	6	2	4	16	6	15	8	0	0	0	0	0	0	0	0	0	0	1	0	0	0	0	0	0	0	0	0	0	0	0	0
TRUE	Thermoplasmata	1	0	0	0	0	0	0	0	0	0	0	0	0	0	0	0	0	0	0	0	0	0	0	0	0	0	0	0	0	0	0	0	0	0	0	0	0	0	0	0	0	0	0	0	0	23	42	32	21	64	16	24	34	12	2	5	6	40	21	16	16	0	0	0	0	0	0	0	0	0	0	0	0	0	0	0	0	0	0	0	0	0	0	0	0
TRUE	Thermoprotei	0	0	0	0	0	0	0	0	0	0	0	0	0	0	0	0	0	0	2	0	2	0	1	0	0	2	0	0	1	0	0	0	0	1	0	0	0	0	1	0	1	0	2	1	0	22	31	22	21	32	23	17	17	25	21	19	19	7	7	8	2	0	0	0	0	0	0	0	0	0	0	0	0	0	0	0	0	0	0	0	0	0	0	0	0
TRUE	Thermotogae	0	0	0	0	0	0	0	0	0	0	1	0	2	0	2	1	3	0	83	3	18	0	53	32	0	31	13	12	4	3	0	27	0	1	0	1	0	1	0	1	1	0	1	0	0	88	119	103	88	99	70	82	63	94	71	73	54	55	71	40	31	0	0	0	0	0	0	1	0	0	0	1	0	0	0	0	0	0	0	0	0	0	0	0	0
TRUE	Tissierellia	4	1	0	0	1	5	23	9	10	8	22	8	19	8	11	15	8	9	674	45	479	3	768	467	0	642	353	210	108	70	47	293	7	40	23	15	26	21	23	26	22	14	9	6	9	831	1536	992	839	1019	804	654	630	814	616	704	457	671	594	548	425	15	2	11	18	0	15	7	6	0	1	18	0	0	0	0	0	0	0	0	0	0	0	0	0
TRUE	Tremellomycetes	0	0	0	0	0	0	0	0	0	0	0	0	0	0	0	0	0	0	1	0	0	0	1	0	0	1	2	2	0	1	1	0	0	0	0	0	0	0	1	1	1	0	0	1	0	46	88	49	44	60	37	33	25	44	41	54	96	36	36	28	37	0	0	0	0	0	1	1	0	0	0	0	0	0	0	0	0	0	0	0	0	0	0	0	0
TRUE	Verrucomicrobiia	0	0	0	0	0	0	0	1	1	0	1	1	4	1	2	1	2	1	96	6	69	0	61	72	0	103	670	1001	361	9	14	265	0	1	3	2	4	1	8	5	0	3	1	2	5	25	75	41	39	72	37	36	35	54	43	41	46	71	41	47	47	0	0	0	0	0	0	0	0	0	0	2	0	0	0	0	0	0	0	0	0	0	0	0	0
TRUE	Vicinamibacteria	0	0	0	0	1	3	0	0	0	0	0	0	0	0	0	0	0	7	1	0	0	0	0	0	0	0	1	2	0	0	0	0	0	1	0	0	0	0	0	1	0	0	0	0	5	8	16	22	18	29	13	28	14	1	18	0	1	21	15	8	76	0	0	0	1	0	0	1	0	0	0	0	0	0	0	0	0	0	0	0	0	0	0	0	0
TRUE	Zetaproteobacteria	0	0	0	0	0	0	0	0	0	0	0	0	0	0	0	0	0	0	2	0	0	0	2	2	0	1	1	0	0	0	0	0	0	0	0	0	0	0	0	0	0	0	0	0	0	5	4	7	3	8	4	8	1	3	6	10	5	2	1	2	3	0	0	0	0	0	0	0	0	0	0	0	0	0	0	0	0	0	0	0	0	0	0	0	0
